{
  "mean": [
    0.4612688562965756,
    0.468668098494798,
    0.5583102744682769,
    0.5725108172054938,
    0.8073100717629946,
    0.800678953850382,
    0.19455115476778398,
    0.7474364758233581,
    0.35344828457080585,
    0.016349478784073158
  ],
  "scale": [
    0.2671634642730425,
    0.26323302506692886,
    0.27832165557281063,
    0.2765748762429555,
    0.09948993889787465,
    0.0928990375160684,
    0.13267354483596921,
    0.24296277991403253,
    0.13119719671973268,
    0.018936752268645003
  ],
  "feat_dim": 10,
  "window_size": 30
}