{
  "mean": [
    3.518859393737668e-10,
    1.7890389515022015e-09,
    -6.051640350666748e-10,
    -8.739177517172876e-10,
    -3.6655773223195497e-10,
    -2.5445865775981974e-10,
    -4.899942834634962e-10,
    -1.0779832553097285e-10,
    -7.973462613687045e-10,
    2.690978419999648e-09,
    5.191932449752429e-10,
    2.1828690906567746e-10,
    9.897194812815467e-10,
    -1.4888173307502989e-09,
    -8.980798698424587e-10,
    4.749079025093156e-10,
    4.4315031165141436e-11,
    -2.3906527048882005e-11,
    5.921410754026385e-10,
    1.3180793141165422e-09,
    -1.7024194017983776e-10,
    1.4367327020092774e-09,
    3.958200729630672e-10,
    1.762057258756014e-09,
    1.9838343087987705e-10,
    -4.670491199150606e-10,
    5.902109808475114e-11,
    -1.3338675458762973e-09,
    1.5527564814719898e-09,
    1.108803333188098e-09,
    -9.784172645194047e-10,
    4.021428822869594e-11,
    5.766542330292782e-10,
    -1.5819684136404029e-09,
    -1.3063366550614258e-09,
    -2.9301089862675503e-09,
    -6.882752350933149e-10,
    3.422898581756981e-09,
    -7.727530721808603e-10,
    -1.2026538220947588e-09,
    8.075953258010973e-10,
    1.262343890785275e-09,
    -6.027235714449095e-11,
    8.687464850359147e-11,
    2.0116822533495804e-10,
    1.1599088322243182e-09,
    -7.603827716230114e-10,
    4.5673202452673234e-10,
    -2.291286318399421e-09,
    3.2467782044616034e-09,
    2.0176040578142e-09,
    8.862589789215744e-10,
    2.408885532073785e-09,
    -5.578572016378942e-10,
    -1.7099294783825905e-09,
    -6.032628719899098e-09
  ],
  "scale": [
    0.9999999985611308,
    0.9999999979867579,
    0.9999999990282604,
    0.9999999979168251,
    0.9999999992619194,
    0.9999999981565808,
    1.0000000005460201,
    0.9999999987664733,
    0.9999999988622363,
    1.0000000007597794,
    1.0000000002539506,
    1.0000000037511154,
    1.0000000020509747,
    1.0000000000944247,
    0.9999999999859267,
    0.9999999973519486,
    1.0000000005570164,
    1.0000000004453193,
    0.9999999987212114,
    0.9999999987345581,
    1.0000000003383405,
    1.0000000011046164,
    0.9999999994335027,
    0.9999999956940889,
    1.000000000192247,
    1.0000000008572532,
    1.0000000002747864,
    0.9999999989147408,
    1.0000000019074702,
    0.9999999982052753,
    0.9999999989344933,
    0.9999999977726781,
    0.999999999195789,
    1.0000000023839508,
    0.9999999993438417,
    1.0000000026826013,
    0.9999999995291812,
    1.0000000020511437,
    1.0000000002139675,
    1.0000000021878048,
    0.9999999996492166,
    0.9999999983370941,
    0.9999999990404673,
    1.0000000028204865,
    1.0000000000046787,
    0.9999999998858073,
    1.0000000006450622,
    1.0000000008075682,
    0.9999999988350171,
    1.0000000004102665,
    1.0000000001507254,
    0.9999999995483846,
    0.999999998127421,
    1.000000002141383,
    0.9999999996553256,
    0.9999999963655896
  ],
  "feat_dim": 56,
  "window_size": 30
}