{
  "mean": [
    -0.4676879076600974,
    -0.7307041221778691,
    0.3649809237865634,
    0.9849292380721667,
    0.4290100661882984,
    -0.7328382021531396,
    0.368711444043426,
    0.9849185834347479,
    -0.28467242717202396,
    0.0011857798693307633,
    7.335522385241583e-06,
    0.9841882226521553,
    0.2846998088098904,
    -0.0011708497670413968,
    -8.3453304826001e-06,
    0.9841835277927292,
    -0.4949764521507389,
    0.4441279009549434,
    0.6985171943387823,
    0.9657486444149047,
    0.44354612099682106,
    0.4336088017434859,
    0.6688159627073367,
    0.9583467423994838,
    -0.4835315191699613,
    0.9632331857326646,
    -0.13760744428428276,
    0.9522598870338508,
    0.4525088018667026,
    0.9296751658394348,
    -0.15401666178977216,
    0.9465391101698079,
    -0.44557395990737875,
    1.0277492857990438,
    -0.20189221543591615,
    0.8676617967233625,
    0.4091081883419868,
    0.9899530538876966,
    -0.22099149350957087,
    0.8635583773371867,
    -0.6295831713578087,
    1.1607852293014793,
    0.4523595553293771,
    0.9430360512945872,
    0.5455263846049236,
    1.1245831011104037,
    0.4047616069553278,
    0.9387249961236935,
    0.46833622947220893,
    0.47144039531246157,
    0.5548762671961402,
    0.5655634292749495,
    0.7961093788085172,
    0.7902436297717818,
    0.2051245713873072,
    0.7303351305129011
  ],
  "scale": [
    0.39934621145863725,
    0.2722537648132531,
    0.45884130683158636,
    0.11903673762929494,
    0.38526241993750615,
    0.2744309099893141,
    0.4369798241681349,
    0.11904618497267494,
    0.17257793242095745,
    0.014331079815829052,
    0.12209308525108332,
    0.11994576562452916,
    0.17258049084197516,
    0.014321973280972126,
    0.12209122902222556,
    0.1199515390680724,
    0.6921331985867025,
    0.27250445843726956,
    0.9506416423143947,
    0.12398864897017074,
    0.6725048797807618,
    0.2744376748922881,
    0.9581603349047674,
    0.13219607271770473,
    0.6433241698559647,
    0.42160089137408346,
    0.8974721680090025,
    0.14419613702370654,
    0.6437970023517556,
    0.40746279112054373,
    0.9084219241195017,
    0.14864687270213447,
    0.6583196382480115,
    0.44537178953962664,
    0.9053064741079634,
    0.14386057542129907,
    0.6596036741023247,
    0.43100772513924174,
    0.9124477562695771,
    0.1523349522723749,
    0.8228585731392706,
    0.4781704401723869,
    1.0030478498500632,
    0.1422403912679419,
    0.8192463569564754,
    0.4617052866435111,
    1.0320925741876539,
    0.1444006007438348,
    0.2648574627465272,
    0.2580859177609317,
    0.27979259502354875,
    0.2803950018399977,
    0.11059847052016765,
    0.10539384188641321,
    0.13524630581025274,
    0.2619356838896574
  ],
  "feat_dim": 56,
  "window_size": 30
}