{
  "mean": [
    0.4676503894225542,
    0.47132175085373,
    0.5548943931002331,
    0.5675188394881913,
    0.807704488901257,
    0.8002145845746645,
    0.20081379987051298,
    0.7415597160288696,
    0.3526459788580065,
    0.01488575843102444
  ],
  "scale": [
    0.2673690487825313,
    0.25932362605521664,
    0.2817733769238814,
    0.28237540448580856,
    0.10097751804675996,
    0.09414016117221691,
    0.13145940592540334,
    0.2486070709035565,
    0.13071930132698123,
    0.016753818716907974
  ],
  "feat_dim": 10,
  "window_size": 30
}